question,answer
"We missed Q1 bookings by 18 %, what blew the forecast?"," Insights:
1. Sales rep owner_7 had the highest number of lost deals with 2 deals each in deal_271 ($58,571) and deal_410 ($27,056), totaling $85,627.
2. The Prospecting stage caused the most forecast prediction errors as it accounted for both lost deals in the data provided.
3. The total lost amount from the Closed Lost deals is $90,044 (sum of amounts from all four deals).

Summary:
The main contributor to missing Q1 bookings by 18% was the high number of lost deals, particularly from sales rep owner_7, and the errors in forecast prediction originating at the Prospecting stage. To reduce forecast errors and prevent future losses, recommendations include improving the qualification process during the Prospecting stage to ensure a higher probability of successful deals, and implementing tighter management oversight for sales reps with high numbers of lost deals. Adjustments to the forecasting model to account for potential risks from the Prospecting stage may also be necessary.

Practical Recommendations:
1. Enhance qualification processes during the Prospecting stage to ensure a higher probability of successful deals.
2. Provide sales reps with additional training and support, particularly owner_7, to help them close more deals.
3. Implement tighter management oversight for sales reps with high numbers of lost deals.
4. Consider adjusting the forecasting model to account for potential risks from the Prospecting stage."
"Where are deals stalling, and why?"," Insights:
1. No stalled deals are present in the provided data, as all deals have `stalled: False`.
2. All deals are in either Proposal or Qualification stages without any stalling issues.

However, to provide practical recommendations for reducing forecast errors and preventing future losses:

- Improve stage qualification: Ensure that deals are thoroughly evaluated before moving to the proposal stage. This can help reduce the number of unqualified leads that might eventually stall or be lost.
- Regularly review pipeline health: Regularly analyze sales pipeline health by assessing the quality, quantity, and progression of deals at each stage. This will help identify bottlenecks and areas for improvement in the sales process.
- Provide training and support to sales reps: Offer ongoing training and resources to help sales representatives better understand the sales process, deal qualification criteria, and best practices for moving leads through the pipeline efficiently.
- Set clear expectations and goals: Establish and communicate clear objectives and targets for each stage of the sales pipeline, as well as expected timelines for progression. This will ensure that all team members are aligned and focused on driving deals forward.
- Implement a CRM system with automated alerts: Utilize a customer relationship management (CRM) system to track deal progress, set reminders, and send automated alerts when action is required or deadlines approach. This will help keep sales reps organized and reduce the risk of deals stalling due to missed follow-ups or communication breakdowns.

By implementing these recommendations, the organization can work towards reducing forecast errors and minimizing potential losses."
"Given today’s pipe, are we on track for next quarter?"," Main Question: Given today’s pipe, are we on track for next quarter?
- Analyzing the pacing table, it can be seen that only one sales owner, Dr. Kimberly Brennan from the Mid-Market segment, is on track for reaching their target with a pacing of 100%. The rest of the owners have a pacing below 100%, indicating they are not on track to meet their targets.

Top 5 Owners at Highest Risk of Falling Behind Target (""Out of Track""):
1. Eileen Nunez (Strategic segment) - Pacing: 49.3%, Gap: $669,150.78
2. Amanda Hutchinson (Strategic segment) - Pacing: 58.5%, Gap: $825,513.33
3. Anthony Jackson (Enterprise segment) - Pacing: 19.5%, Gap: $149,653.14
4. Dr. Kimberly Brennan (Mid-Market segment) - Pacing: 100% but has a relatively small pipeline compared to the other owners
5. Eileen Nunez and Amanda Hutchinson share the same open_deals_count of 24, indicating they both have a high number of deals that could potentially cause forecast misses or delays.

Top 5 Individual Deals Most Likely to Cause Forecast Misses or Delays:
Identifying the top individual deals most likely to cause forecast misses or delays requires further investigation of each owner's open deals, considering their stage and likelihood to close. However, based on the provided data, it can be seen that Eileen Nunez and Amanda Hutchinson both have a large gap between estimated_value and target_amount, as well as a high number of open_deals_count. These factors make it more likely that their individual deals are at risk of causing forecast misses or delays.

Key Insights:
- The sales team is not on track to meet their targets for the next quarter, with only one owner (Dr. Kimberly Brennan) meeting her target and having a relatively small pipeline compared to others.
- Eileen Nunez and Amanda Hutchinson have the highest risk of falling behind their targets due to low pacing and large gaps between estimated_value and target_amount.
- Further investigation is needed into the specific deals for these two owners that could potentially cause forecast misses or delays.

Practical Recommendations:
1. Improve deal qualification by assessing the quality of opportunities, ensuring they are a good fit for the company and align with the sales target.
2. Implement stage management practices to monitor deals more closely and adjust resources accordingly to move them forward or disqualify them when necessary.
3. Make regular forecast adjustments based on deal progress, accounting for changes in probability and deal size.
4. Provide additional training and support to underperforming sales owners to help them improve their pipeline and close rates.
5. Encourage cross-functional collaboration between sales, marketing, and product teams to drive more qualified leads and better alignment of resources towards high-priority deals.

Summary:
The current pipeline is not on track for meeting the next quarter's targets, with five owners at a higher risk of falling behind their goals. Eileen Nunez and Amanda Hutchinson are the individuals most likely to cause forecast misses or delays due to their large gaps between estimated_value and target_amount as well as a high number of open deals. To improve sales outcomes, practical recommendations include improving deal qualification, implementing stage management practices, making regular forecast adjustments, providing additional training, and encouraging cross-functional collaboration."
